Gene_Name	Count	padj	URL
Xrcc3	4	0.0019190812205802	https://davidbioinformatics.nih.gov/api.jsp?type=ENTREZ_GENE_ID&ids=74335&tool=geneReport
Nr4a1	4	0.0046929263555399	https://davidbioinformatics.nih.gov/api.jsp?type=ENTREZ_GENE_ID&ids=15370&tool=geneReport
Hdac7	4	0.0118346465953356	https://davidbioinformatics.nih.gov/api.jsp?type=ENTREZ_GENE_ID&ids=56233&tool=geneReport
Fos	4	0.0119569780375895	https://davidbioinformatics.nih.gov/api.jsp?type=ENTREZ_GENE_ID&ids=14281&tool=geneReport
Spry4	3	0.0077981886293601	https://davidbioinformatics.nih.gov/api.jsp?type=ENTREZ_GENE_ID&ids=24066&tool=geneReport
Rbm4b	3	0.0119569780375895	https://davidbioinformatics.nih.gov/api.jsp?type=ENTREZ_GENE_ID&ids=66704&tool=geneReport
Dffb	2	0.0141709110668903	https://davidbioinformatics.nih.gov/api.jsp?type=ENTREZ_GENE_ID&ids=13368&tool=geneReport
Anxa9	2	0.0138080141186519	https://davidbioinformatics.nih.gov/api.jsp?type=ENTREZ_GENE_ID&ids=71790&tool=geneReport
Srp68	2	0.0119569780375895	https://davidbioinformatics.nih.gov/api.jsp?type=ENTREZ_GENE_ID&ids=217337&tool=geneReport
Pald1	2	0.0159853745043436	https://davidbioinformatics.nih.gov/api.jsp?type=ENTREZ_GENE_ID&ids=27355&tool=geneReport
Egr2	2	0.0119569780375895	https://davidbioinformatics.nih.gov/api.jsp?type=ENTREZ_GENE_ID&ids=13654&tool=geneReport
Rnf4	2	0.0031128251732679	https://davidbioinformatics.nih.gov/api.jsp?type=ENTREZ_GENE_ID&ids=19822&tool=geneReport
Wee1	2	0.0040773098407519	https://davidbioinformatics.nih.gov/api.jsp?type=ENTREZ_GENE_ID&ids=22390&tool=geneReport
